id,respond,gender,age,numpurchase,totdol,region,addresstype
1,0,1,37,1,59,6,urban
2,0,1,41,2,118,1,rural
3,0,1,37,1,60,4,urban
4,1,1,36,2,497,2,urban
5,0,1,36,1,64,2,rural
6,0,1,33,2,61,3,urban
7,0,1,44,1,62,4,urban
8,0,1,43,2,50,1,urban
9,0,1,35,2,53,1,urban
10,1,1,55,8,4339,3,rural
11,0,1,32,2,97,2,urban
12,1,0,38,2,151,4,urban
13,1,0,54,6,2286,3,urban
14,0,1,35,2,199,2,rural
15,0,0,35,1,946,4,urban
16,0,1,32,2,56,2,rural
17,0,1,42,2,58,3,urban
18,0,1,42,2,64,1,urban
19,0,1,43,2,52,6,urban
20,0,1,39,3,75,1,rural
21,1,1,44,15,6218,4,urban
22,0,1,30,1,54,2,urban
23,0,1,43,1,76,6,urban
24,0,0,35,1,144,4,rural
25,0,1,38,2,121,4,rural
26,0,1,33,2,61,3,urban
27,0,1,38,1,57,5,urban
28,0,1,36,1,326,4,rural
29,1,1,36,1,53,3,urban
30,0,1,42,2,62,6,rural
31,1,1,39,1,57,2,rural
32,1,1,37,1,54,4,rural
33,0,1,43,2,254,1,urban
34,1,0,39,2,52,1,urban
35,0,0,38,2,75,2,urban
36,0,0,35,2,55,2,urban
37,0,1,40,2,65,1,rural
38,0,1,37,1,210,1,urban
39,0,1,37,1,59,1,urban
40,0,0,38,2,363,2,urban
41,0,0,44,1,56,3,rural
42,0,1,36,3,484,3,urban
43,1,0,40,2,57,1,urban
44,0,0,31,4,247,2,urban
45,1,1,43,6,2314,1,rural
46,0,1,44,1,60,4,urban
47,0,1,51,5,1147,1,urban
48,0,1,33,1,83,4,rural
49,0,1,35,1,205,3,urban
50,0,1,46,1,51,4,rural
51,0,1,35,1,57,2,urban
52,0,1,34,2,551,3,rural
53,0,0,41,3,1698,6,urban
54,0,1,39,1,69,4,urban
55,0,1,41,1,54,3,urban
56,0,1,41,1,54,4,urban
57,0,1,43,2,568,4,urban
58,0,1,39,2,576,2,urban
59,0,1,41,1,194,4,urban
60,0,1,38,1,64,6,urban
61,0,1,37,1,78,4,rural
62,0,1,38,2,52,4,urban
63,0,1,39,1,67,2,urban
64,0,1,40,1,68,2,rural
65,0,1,33,2,56,1,rural
66,0,1,35,1,83,6,rural
67,0,1,42,1,58,5,urban
68,0,1,37,1,52,2,urban
69,1,1,40,6,2638,1,rural
70,1,0,40,1,68,6,urban
71,0,1,42,3,1206,5,urban
72,0,1,33,1,54,1,urban
73,0,1,39,1,66,6,urban
74,0,1,42,1,59,1,rural
75,0,1,33,1,51,2,urban
76,0,1,23,1,68,4,urban
77,0,0,38,1,202,1,urban
78,0,1,35,2,760,1,urban
79,1,0,36,1,90,3,urban
80,0,1,39,3,339,4,urban
81,0,1,35,2,163,1,rural
82,0,0,34,1,55,4,urban
83,0,1,39,1,61,1,urban
84,0,1,41,1,201,2,urban
85,0,1,36,2,335,3,urban
86,0,0,35,1,59,1,urban
87,0,1,34,1,194,5,urban
88,0,1,37,2,77,1,rural
89,0,1,43,1,72,2,urban
90,1,0,42,3,61,1,urban
91,0,1,33,2,359,2,urban
92,0,1,38,2,63,6,urban
93,0,1,32,2,860,2,urban
94,0,1,42,1,59,4,rural
95,0,1,32,2,61,3,rural
96,0,1,37,2,577,3,urban
97,1,1,30,1,251,6,urban
98,0,0,36,2,79,4,urban
99,0,1,35,1,56,6,rural
100,0,1,38,1,55,3,rural
101,0,1,38,3,1089,5,rural
102,0,1,37,2,459,4,rural
103,0,1,36,1,55,4,urban
104,0,1,39,2,51,4,urban
105,0,1,40,1,55,6,rural
106,0,0,33,1,59,4,rural
107,0,1,42,3,207,1,urban
108,0,1,36,1,111,5,rural
109,0,0,34,1,59,1,urban
110,0,1,35,1,52,4,rural
111,0,1,39,2,77,3,urban
112,0,1,36,2,74,1,rural
113,0,1,40,2,55,4,urban
114,0,0,35,1,92,2,urban
115,0,1,41,1,90,6,rural
116,0,1,35,1,62,6,urban
117,0,1,37,1,71,1,rural
118,0,0,41,2,59,3,urban
119,0,1,36,1,146,6,urban
120,0,0,37,3,80,4,rural
121,0,0,37,1,84,2,urban
122,0,0,40,2,101,6,rural
123,0,1,40,2,389,1,urban
124,1,0,42,7,2736,1,urban
125,0,0,31,1,125,2,urban
126,0,1,35,1,125,1,rural
127,0,1,35,2,101,4,rural
128,0,1,35,1,246,5,rural
129,0,1,32,2,68,5,urban
130,0,0,42,1,56,1,urban
131,1,1,41,1,66,4,rural
132,0,1,37,7,3999,1,rural
133,0,1,37,1,80,2,urban
134,0,1,32,1,52,3,urban
135,0,1,42,2,57,3,urban
136,0,1,39,1,105,4,urban
137,0,1,37,1,69,5,urban
138,1,1,41,1,229,4,urban
139,0,1,37,2,69,6,urban
140,0,1,29,1,68,6,rural
141,0,1,35,2,174,2,urban
142,0,1,44,1,71,4,urban
143,0,1,37,3,647,4,urban
144,0,1,25,1,51,6,urban
145,0,1,39,3,67,1,urban
146,0,0,33,1,55,3,urban
147,0,1,43,1,84,2,rural
148,0,1,37,1,238,3,rural
149,0,0,37,2,63,2,rural
150,0,1,41,2,58,2,rural
151,0,1,41,1,263,2,urban
152,0,0,38,2,76,2,urban
153,0,1,36,2,57,4,urban
154,0,1,45,2,71,1,urban
155,0,1,32,1,187,2,rural
156,1,0,36,1,72,6,urban
157,0,1,37,1,54,2,urban
158,0,0,45,2,59,3,urban
159,1,1,46,1,58,2,urban
160,0,0,39,2,609,2,rural
161,0,1,44,2,73,4,urban
162,0,0,44,1,54,2,rural
163,0,0,37,1,96,2,urban
164,0,1,38,1,55,1,urban
165,0,1,39,1,247,5,urban
166,0,0,35,1,436,5,rural
167,0,1,35,2,173,2,urban
168,0,1,41,1,72,2,urban
169,0,1,37,1,77,6,rural
170,0,1,45,2,59,4,rural
171,1,0,44,2,768,2,rural
172,0,1,37,1,64,3,urban
173,1,0,42,6,3064,1,urban
174,0,1,38,1,98,6,urban
175,1,0,37,2,151,4,rural
176,0,1,31,1,74,6,urban
177,0,0,42,2,511,4,urban
178,1,0,41,1,59,2,urban
179,1,1,38,1,52,1,rural
180,1,1,38,2,50,5,urban
181,1,1,35,1,54,4,urban
182,0,1,42,1,67,2,urban
183,0,1,42,1,91,4,urban
184,0,0,36,1,67,3,rural
185,0,0,35,1,53,2,rural
186,0,1,44,3,1267,5,urban
187,0,1,35,1,73,6,rural
188,1,0,38,1,52,4,urban
189,0,1,33,1,233,1,urban
190,0,1,38,2,105,4,rural
191,0,0,38,1,195,6,rural
192,0,1,37,5,1764,6,urban
193,0,1,38,1,215,1,rural
194,0,1,35,2,74,3,urban
195,1,1,39,4,2070,4,urban
196,0,1,42,2,155,1,rural
197,0,1,42,2,58,4,rural
198,0,1,37,4,592,6,rural
199,0,1,34,2,60,3,urban
200,0,1,32,1,59,5,rural
201,0,1,35,2,497,4,urban
202,0,1,32,1,217,4,urban
203,0,1,40,3,65,1,urban
204,0,1,29,1,56,2,rural
205,0,1,34,1,406,4,urban
206,0,1,37,1,52,6,urban
207,0,0,40,2,358,6,urban
208,0,1,35,1,70,4,urban
209,1,1,40,3,54,1,urban
210,0,1,35,2,63,2,urban
211,0,1,34,1,97,4,urban
212,0,1,36,1,437,1,rural
213,0,1,29,4,1607,4,urban
214,0,1,41,2,59,6,rural
215,0,0,41,4,783,2,rural
216,0,1,45,2,68,1,rural
217,0,1,36,3,608,1,urban
218,0,0,41,2,100,4,urban
219,0,1,37,1,51,1,rural
220,0,1,31,2,1238,4,urban
221,0,1,36,2,54,6,rural
222,0,1,45,1,52,3,rural
223,0,1,34,2,493,6,rural
224,0,1,36,1,96,1,rural
225,0,1,37,3,841,2,urban
226,0,1,36,1,332,1,urban
227,0,0,41,1,178,3,rural
228,0,0,33,2,95,4,urban
229,0,1,35,3,668,5,urban
230,0,1,42,1,61,4,urban
231,1,1,30,1,56,1,rural
232,0,0,37,2,341,2,rural
233,0,0,41,2,73,4,rural
234,0,1,32,2,118,5,rural
235,0,1,35,1,150,4,rural
236,0,0,43,1,58,4,urban
237,0,1,37,1,120,1,rural
238,0,1,47,1,241,4,urban
239,0,0,37,1,122,6,rural
240,0,1,36,1,70,1,urban
241,0,1,38,2,163,5,rural
242,0,1,34,1,60,6,urban
243,0,1,39,2,63,3,urban
244,0,1,43,1,65,2,urban
245,0,1,44,1,127,4,urban
246,1,1,41,2,268,1,urban
247,0,1,34,1,116,2,urban
248,0,1,41,1,82,2,urban
249,0,1,33,2,223,3,rural
250,0,1,37,2,53,3,urban
251,0,1,39,1,53,6,urban
252,0,1,35,1,61,3,urban
253,0,1,37,1,58,3,urban
254,1,1,32,1,58,1,urban
255,0,1,34,1,85,1,urban
256,1,1,40,2,67,6,rural
257,0,0,35,1,51,4,rural
258,0,1,46,1,54,4,urban
259,0,1,41,2,81,5,rural
260,0,1,40,2,254,1,rural
261,0,0,32,3,56,1,urban
262,0,1,33,1,57,5,urban
263,0,0,39,1,73,6,urban
264,1,0,43,1,61,4,urban
265,0,1,38,1,62,1,rural
266,0,1,35,1,89,4,rural
267,0,0,30,2,162,4,urban
268,1,1,38,2,359,4,rural
269,0,1,41,1,72,4,rural
270,0,1,36,1,53,3,urban
271,0,0,38,2,152,6,rural
272,0,1,35,1,70,5,urban
273,0,1,29,1,54,3,rural
274,0,1,33,2,93,4,urban
275,1,1,35,2,60,6,urban
276,0,0,42,2,158,4,urban
277,0,0,47,1,76,5,urban
278,0,1,41,2,905,3,urban
279,0,1,36,4,57,6,rural
280,0,0,35,2,99,6,rural
281,1,1,39,2,192,6,rural
282,0,1,33,1,58,2,urban
283,0,0,42,1,141,2,urban
284,0,1,38,1,169,1,rural
285,0,0,44,6,3186,2,urban
286,0,0,39,5,1593,1,urban
287,1,0,34,1,57,4,urban
288,1,1,41,1,61,2,urban
289,0,0,41,1,59,5,urban
290,0,1,49,1,71,2,urban
291,0,0,39,2,63,4,urban
292,0,1,36,1,60,2,urban
293,0,1,41,4,1185,5,urban
294,0,1,37,1,55,1,urban
295,0,1,41,1,248,2,rural
296,0,1,32,1,164,2,urban
297,0,1,37,1,79,1,urban
298,0,1,30,2,71,5,rural
299,0,1,35,1,52,1,urban
300,0,1,40,1,211,2,urban
301,0,1,34,2,156,2,urban
302,0,1,37,2,51,3,urban
303,0,0,30,2,77,4,urban
304,0,0,37,2,104,1,urban
305,0,1,38,2,160,4,rural
306,0,1,34,1,74,1,urban
307,0,1,37,2,158,4,urban
308,0,0,38,1,60,4,rural
309,0,0,42,1,51,5,urban
310,0,1,38,2,76,1,rural
311,1,1,33,1,67,1,urban
312,0,1,40,1,251,4,rural
313,0,1,37,2,239,4,urban
314,0,1,37,1,53,4,urban
315,0,1,34,2,53,5,urban
316,1,0,45,1,64,4,rural
317,0,1,31,2,79,1,rural
318,0,0,34,1,53,5,urban
319,0,1,40,1,61,4,rural
320,0,0,34,2,231,6,urban
321,0,0,34,1,181,1,urban
322,0,1,33,2,56,4,urban
323,0,1,35,1,176,4,rural
324,0,1,39,2,1235,1,urban
325,0,1,43,1,59,2,urban
326,0,1,54,8,5295,6,rural
327,0,1,28,1,79,6,urban
328,0,1,37,1,70,1,urban
329,0,1,41,1,64,6,rural
330,0,1,36,1,373,1,urban
331,1,1,39,2,139,4,rural
332,0,1,36,1,68,4,urban
333,1,0,42,1,59,1,rural
334,0,1,39,2,383,4,urban
335,0,1,34,3,546,1,urban
336,1,1,38,2,379,6,rural
337,1,1,41,1,185,6,urban
338,0,1,32,1,50,1,urban
339,0,1,44,1,66,6,urban
340,0,0,44,1,207,4,urban
341,1,0,40,1,95,1,urban
342,0,1,38,1,60,1,urban
343,0,1,37,2,76,4,urban
344,0,1,44,1,66,5,rural
345,0,1,35,1,55,2,urban
346,0,0,38,1,57,1,urban
347,0,1,39,3,840,2,rural
348,0,1,37,1,57,2,rural
349,0,1,40,1,51,4,rural
350,0,1,40,1,164,2,urban
351,0,1,41,1,53,6,urban
352,0,1,34,1,91,6,urban
353,0,1,42,2,78,1,urban
354,0,0,44,2,68,1,urban
355,0,1,34,3,64,1,urban
356,0,1,38,6,2744,4,urban
357,1,1,34,1,715,2,urban
358,0,1,40,1,564,1,urban
359,0,1,39,1,56,1,urban
360,0,1,35,1,73,6,urban
361,0,0,33,2,100,2,urban
362,0,0,28,2,77,2,rural
363,0,1,36,1,204,2,rural
364,0,1,33,2,55,4,urban
365,0,1,40,1,131,4,urban
366,0,1,48,1,92,4,urban
367,0,1,37,3,64,4,urban
368,0,1,36,1,313,6,urban
369,0,1,37,1,125,4,urban
370,1,1,37,3,63,1,urban
371,0,1,40,1,52,5,rural
372,1,1,41,3,831,1,rural
373,0,0,41,2,57,6,urban
374,0,1,37,2,176,6,urban
375,0,1,39,2,52,2,urban
376,0,0,35,1,57,1,urban
377,0,1,37,1,203,1,urban
378,0,0,39,6,1970,3,urban
379,0,1,33,1,86,4,rural
380,0,1,39,2,87,6,rural
381,0,1,35,2,238,2,urban
382,0,1,38,2,465,4,urban
383,0,1,40,2,261,4,urban
384,0,1,29,2,60,4,urban
385,0,0,37,2,55,4,urban
386,0,1,33,2,125,4,rural
387,1,0,44,1,57,2,urban
388,1,1,37,1,54,2,rural
389,0,1,36,1,177,6,rural
390,0,1,36,6,2873,6,rural
391,0,1,34,1,52,6,urban
392,0,1,33,2,56,3,rural
393,0,1,38,2,54,1,urban
394,1,1,37,5,1221,2,rural
395,0,1,47,8,3772,4,urban
396,0,1,36,3,611,6,urban
397,1,1,45,2,64,3,rural
398,0,0,41,2,647,1,urban
399,0,1,41,2,60,6,rural
400,0,1,38,2,54,2,urban
401,0,1,30,1,52,4,urban
402,0,1,42,1,63,2,urban
403,0,1,35,2,115,6,urban
404,0,1,42,1,116,3,rural
405,0,1,35,1,56,3,urban
406,0,1,39,1,69,4,urban
407,0,1,36,2,59,4,urban
408,0,1,37,1,72,2,urban
409,0,1,38,1,123,2,rural
410,1,1,39,5,2050,6,urban
411,0,0,29,1,53,6,rural
412,0,1,41,2,62,1,urban
413,0,0,25,1,627,1,urban
414,1,1,37,1,108,1,rural
415,0,0,33,2,75,4,rural
416,1,1,37,3,173,1,urban
417,0,0,41,2,55,1,urban
418,0,1,40,1,62,2,urban
419,0,1,45,1,52,6,rural
420,0,0,44,1,61,4,rural
421,0,1,46,1,65,4,urban
422,0,1,40,2,55,5,urban
423,0,1,40,1,60,6,rural
424,0,1,35,2,51,3,rural
425,0,1,39,1,51,6,rural
426,0,1,40,1,76,4,rural
427,0,1,33,1,82,1,rural
428,1,1,38,4,1210,5,urban
429,0,1,41,1,89,3,urban
430,0,1,36,1,206,4,urban
431,1,1,35,1,225,6,rural
432,0,1,37,2,53,6,urban
433,0,1,35,2,65,6,rural
434,1,1,37,1,195,5,rural
435,0,0,38,2,77,4,rural
436,0,1,42,2,54,2,rural
437,0,1,38,1,286,3,rural
438,0,1,32,8,8763,1,rural
439,0,0,39,2,62,2,rural
440,0,1,37,2,80,2,urban
441,0,1,39,2,84,5,urban
442,0,1,39,4,1403,4,urban
443,0,1,39,1,54,6,rural
444,0,1,36,1,77,2,urban
445,0,1,42,2,52,1,urban
446,0,0,35,1,409,1,rural
447,0,0,35,1,72,4,urban
448,0,0,33,1,118,4,urban
449,1,1,46,5,1465,6,rural
450,0,1,36,1,54,6,rural
451,0,1,36,1,60,4,rural
452,0,0,35,2,174,5,urban
453,0,1,30,6,2162,4,urban
454,0,1,38,1,73,1,urban
455,1,1,39,1,57,6,rural
456,0,1,38,1,109,3,rural
457,0,1,33,1,52,4,urban
458,0,1,42,2,65,6,urban
459,1,0,34,1,86,4,urban
460,0,1,36,2,71,6,rural
461,0,0,34,1,59,6,rural
462,0,1,44,1,64,2,rural
463,0,1,31,2,61,4,urban
464,0,1,34,1,192,1,urban
465,0,1,39,1,60,5,urban
466,0,1,37,1,263,4,rural
467,0,1,41,1,94,6,rural
468,0,1,37,3,112,5,urban
469,0,0,40,2,74,5,urban
470,1,0,36,3,533,6,urban
471,0,0,34,2,461,2,rural
472,0,1,43,3,746,6,rural
473,0,1,36,3,654,1,urban
474,0,0,33,1,302,5,rural
475,0,0,36,1,51,4,rural
476,0,1,37,2,1245,1,urban
477,0,1,35,2,66,1,urban
478,0,1,40,5,1950,3,urban
479,0,1,38,1,129,6,urban
480,0,1,42,1,55,2,urban
481,0,0,29,1,80,4,urban
482,0,1,43,1,52,1,urban
483,0,0,43,2,57,4,rural
484,0,1,35,3,547,4,rural
485,0,1,41,1,58,4,urban
486,0,1,40,1,413,6,rural
487,0,1,35,2,389,3,urban
488,0,1,41,2,679,5,urban
489,0,1,34,5,1346,5,rural
490,0,1,31,1,57,2,rural
491,0,1,42,2,1117,4,urban
492,0,1,39,2,51,1,rural
493,0,0,32,2,257,5,rural
494,0,1,35,2,55,6,urban
495,0,1,37,2,69,1,urban
496,0,1,42,1,58,1,urban
497,0,1,39,2,60,1,urban
498,1,0,58,8,4099,5,urban
499,1,1,32,2,68,6,rural
500,0,0,41,1,95,5,urban
501,0,1,40,1,51,5,urban
502,0,1,36,3,1254,4,urban
503,0,1,34,1,187,2,rural
504,0,1,42,1,158,5,urban
505,0,1,37,2,355,6,urban
506,0,1,34,1,54,4,urban
507,0,0,33,2,254,1,rural
508,1,1,49,6,3165,1,urban
509,0,1,36,1,290,1,urban
510,0,1,36,1,62,2,rural
511,0,1,34,1,76,1,urban
512,0,1,37,2,153,4,urban
513,0,1,48,2,60,6,rural
514,0,1,36,1,85,1,urban
515,0,0,37,1,53,2,urban
516,0,1,41,1,73,4,urban
517,0,1,40,1,140,1,urban
518,0,1,32,2,53,1,urban
519,1,1,43,1,59,1,urban
520,0,0,35,2,71,3,urban
521,0,1,44,2,55,4,urban
522,0,1,36,3,549,5,urban
523,0,1,43,1,105,2,rural
524,0,1,31,1,56,1,urban
525,0,0,42,8,5988,4,urban
526,0,1,37,1,64,5,urban
527,0,1,45,8,6405,4,rural
528,1,1,37,1,55,1,urban
529,0,1,34,3,56,4,urban
530,0,1,42,1,52,3,urban
531,0,1,38,2,53,1,rural
532,0,1,33,1,55,1,rural
533,0,1,35,1,157,4,rural
534,0,1,37,2,354,5,urban
535,0,1,42,1,400,5,rural
536,0,0,42,2,70,6,urban
537,0,0,32,1,78,3,rural
538,0,0,41,1,53,5,urban
539,0,1,41,1,87,6,rural
540,0,1,31,1,52,2,urban
541,0,1,38,2,84,1,rural
542,0,1,33,1,95,1,urban
543,0,1,45,2,127,4,urban
544,0,1,31,1,53,6,rural
545,0,1,35,2,68,2,urban
546,0,1,38,4,88,1,rural
547,0,1,44,2,58,3,urban
548,0,1,39,1,50,1,urban
549,0,0,36,1,65,4,rural
550,1,1,40,1,75,2,urban
551,0,1,38,1,89,4,rural
552,0,0,34,1,58,1,urban
553,0,1,26,1,122,6,urban
554,0,0,35,1,60,5,urban
555,0,0,41,1,224,6,urban
556,0,1,46,2,943,1,urban
557,0,1,32,6,1941,1,rural
558,0,1,38,5,1019,1,rural
559,0,1,33,3,668,2,urban
560,0,1,43,2,53,4,rural
561,0,1,33,3,836,6,rural
562,0,1,37,1,235,1,urban
563,0,1,37,5,1039,3,rural
564,0,0,46,1,72,4,urban
565,0,0,29,2,118,1,urban
566,0,1,38,2,57,4,urban
567,0,0,39,1,122,2,urban
568,0,1,34,2,63,6,urban
569,0,1,36,3,553,6,rural
570,1,0,36,5,1690,1,urban
571,0,1,41,1,57,6,rural
572,0,1,34,2,214,2,urban
573,0,0,29,1,52,4,rural
574,0,1,37,1,51,6,rural
575,0,1,41,2,61,4,urban
576,0,0,35,2,182,5,rural
577,0,1,42,2,57,1,rural
578,0,1,45,1,66,1,urban
579,0,0,33,2,66,6,urban
580,1,1,36,2,57,6,urban
581,0,1,33,2,55,4,urban
582,0,1,42,2,474,1,urban
583,0,1,42,2,79,6,rural
584,0,1,36,3,68,2,urban
585,0,1,40,2,72,1,urban
586,0,1,36,2,84,5,rural
587,0,1,30,1,81,5,urban
588,0,1,40,4,956,2,rural
589,0,1,39,1,54,3,urban
590,0,0,42,1,77,1,rural
591,0,1,40,2,622,6,urban
592,0,0,37,2,110,6,urban
593,0,1,41,1,55,6,urban
594,0,1,28,1,127,3,urban
595,0,0,43,1,56,1,urban
596,0,1,38,1,51,4,rural
597,0,1,34,2,58,4,urban
598,0,0,38,1,61,4,rural
599,1,0,38,4,1478,2,rural
600,0,1,40,1,68,4,rural
601,1,1,37,1,66,4,urban
602,0,1,40,2,69,6,rural
603,0,1,39,2,92,1,rural
604,0,1,40,1,51,1,rural
605,0,1,37,1,67,6,urban
606,0,1,45,1,326,1,urban
607,0,1,36,8,4802,3,rural
608,0,1,41,1,132,2,rural
609,0,1,36,1,63,6,rural
610,0,1,38,1,71,2,urban
611,0,0,34,1,71,6,rural
612,0,1,35,3,1420,1,urban
613,0,1,34,2,221,5,rural
614,0,1,36,2,53,1,urban
615,0,0,38,1,75,1,urban
616,0,1,35,2,317,2,rural
617,0,0,39,2,73,3,rural
618,0,1,43,2,62,1,urban
619,0,1,30,2,128,4,rural
620,1,1,41,5,1719,6,urban
621,0,1,40,1,65,4,rural
622,0,1,32,1,75,6,rural
623,0,1,37,5,2101,1,urban
624,0,0,39,1,55,4,urban
625,0,0,42,2,55,2,urban
626,1,0,35,2,337,6,rural
627,0,1,39,4,451,6,urban
628,0,1,40,2,167,1,rural
629,0,0,39,1,57,1,urban
630,0,1,37,1,60,3,rural
631,1,1,34,1,222,5,urban
632,0,1,33,1,219,6,rural
633,0,1,38,1,70,1,rural
634,0,1,41,2,435,4,rural
635,0,1,44,1,71,2,rural
636,0,1,40,1,77,6,urban
637,0,0,36,1,129,4,urban
638,1,1,36,5,1653,6,rural
639,0,0,34,8,7076,2,rural
640,0,0,43,1,52,5,urban
641,0,1,41,1,101,6,rural
642,0,0,32,1,67,4,urban
643,0,0,36,1,54,3,rural
644,0,1,50,1,111,5,urban
645,1,0,35,4,1059,4,urban
646,1,1,52,7,3477,5,urban
647,0,0,32,1,52,4,urban
648,0,1,41,2,251,1,urban
649,0,1,37,1,554,4,rural
650,0,1,37,1,69,2,urban
651,0,1,35,1,59,4,urban
652,0,0,35,1,69,2,rural
653,0,1,40,2,81,1,urban
654,0,0,28,4,561,1,urban
655,0,1,37,2,172,2,rural
656,0,0,39,6,2402,2,rural
657,1,1,35,1,51,5,urban
658,0,1,32,1,91,1,rural
659,0,1,33,2,65,4,urban
660,0,0,36,4,1057,4,urban
661,0,1,44,1,84,4,urban
662,0,1,38,2,56,2,urban
663,0,1,35,1,62,1,rural
664,0,1,47,1,55,4,urban
665,0,1,33,2,54,2,urban
666,0,1,36,1,79,2,rural
667,0,0,33,1,53,4,rural
668,0,0,33,1,74,1,urban
669,0,1,34,2,57,4,rural
670,1,1,43,2,274,2,urban
671,1,1,39,1,132,2,urban
672,0,1,43,2,76,1,urban
673,1,1,38,1,59,4,urban
674,0,1,41,3,753,1,urban
675,0,0,49,6,2076,2,urban
676,0,0,36,1,58,5,urban
677,0,1,37,2,419,1,rural
678,0,1,39,1,79,4,urban
679,0,1,32,2,224,5,urban
680,0,1,38,2,199,6,urban
681,0,1,38,1,60,4,urban
682,0,1,33,1,75,2,rural
683,0,1,35,1,58,5,urban
684,1,0,37,1,70,2,urban
685,0,1,35,1,74,5,urban
686,0,1,35,7,2731,4,urban
687,0,0,38,1,68,2,rural
688,0,1,37,4,457,2,rural
689,0,1,36,1,55,6,urban
690,0,0,38,1,268,2,urban
691,0,1,40,2,100,1,urban
692,0,0,40,1,52,4,urban
693,1,0,42,2,236,1,urban
694,0,1,34,1,56,1,urban
695,0,0,36,2,64,2,rural
696,0,1,31,1,56,4,urban
697,0,0,39,1,261,2,urban
698,0,1,38,3,186,2,rural
699,0,0,47,2,53,5,urban
700,0,1,37,1,65,4,urban
701,0,1,43,1,52,5,urban
702,0,1,39,2,1064,4,urban
703,0,0,41,3,487,4,urban
704,1,0,41,1,180,1,urban
705,0,1,39,1,51,2,rural
706,0,1,43,2,58,2,rural
707,0,1,41,1,71,1,urban
708,0,1,40,2,124,4,urban
709,0,1,40,2,67,4,urban
710,1,1,45,1,59,4,rural
711,1,1,30,1,59,1,urban
712,0,1,39,1,212,6,urban
713,0,1,38,1,58,1,rural
714,0,1,54,1,241,2,urban
715,0,1,30,1,73,4,rural
716,1,0,43,3,73,1,rural
717,0,1,40,1,58,4,rural
718,1,1,39,2,335,6,urban
719,0,1,62,1,281,4,urban
720,0,0,44,1,62,4,rural
721,0,0,38,1,86,5,rural
722,0,1,35,1,68,2,urban
723,0,1,37,2,55,1,urban
724,0,1,38,1,58,1,rural
725,0,0,37,1,84,6,urban
726,0,1,40,2,156,2,urban
727,0,0,40,1,130,1,urban
728,0,0,37,2,373,5,urban
729,0,0,36,1,60,4,urban
730,1,0,41,2,52,4,urban
731,0,0,41,2,175,6,urban
732,0,1,38,1,54,2,urban
733,0,1,34,5,1350,1,urban
734,0,0,31,1,150,1,urban
735,0,1,37,2,118,6,urban
736,0,1,39,2,698,6,rural
737,0,0,39,1,277,1,urban
738,0,1,37,1,58,3,urban
739,0,1,36,1,484,4,rural
740,0,1,43,1,62,2,urban
741,0,0,40,4,302,4,rural
742,0,1,40,1,90,6,rural
743,0,0,33,1,52,1,urban
744,0,0,26,2,79,4,rural
745,0,1,36,2,973,4,urban
746,0,0,34,1,56,2,rural
747,0,1,38,1,63,4,urban
748,1,1,39,5,2216,2,urban
749,0,0,42,1,60,5,urban
750,0,1,32,1,68,6,urban
751,0,1,43,1,61,4,rural
752,0,1,46,7,3025,4,urban
753,0,1,45,3,1126,5,urban
754,0,0,37,2,939,4,urban
755,0,0,33,1,250,6,urban
756,0,1,34,2,51,1,rural
757,0,1,39,2,54,1,rural
758,0,0,42,1,80,5,urban
759,0,0,40,1,58,5,rural
760,0,1,44,2,88,1,urban
761,0,1,43,3,210,4,rural
762,0,1,43,1,51,5,rural
763,0,1,35,2,274,1,urban
764,0,0,38,1,59,6,urban
765,0,1,38,1,55,2,rural
766,0,0,37,2,65,4,rural
767,0,1,35,1,56,2,urban
768,0,1,32,1,55,4,urban
769,1,1,39,2,441,2,rural
770,0,1,39,2,134,6,urban
771,0,0,33,1,68,3,rural
772,0,1,41,2,69,1,rural
773,0,1,40,1,66,4,urban
774,0,0,43,2,205,4,urban
775,1,1,42,3,183,6,rural
776,0,0,42,2,194,1,urban
777,0,0,35,2,51,4,urban
778,0,1,38,2,141,5,urban
779,0,0,36,1,53,5,urban
780,0,0,37,1,63,4,rural
781,0,1,43,1,51,6,rural
782,1,1,34,1,60,4,urban
783,0,1,44,1,64,2,urban
784,0,1,31,2,55,2,urban
785,0,1,34,1,63,4,urban
786,0,1,37,3,260,1,rural
787,0,0,44,6,2297,2,urban
788,0,1,35,1,66,3,rural
789,0,1,44,3,710,2,urban
790,0,1,41,2,95,3,urban
791,0,0,37,2,65,5,rural
792,0,1,40,2,421,2,urban
793,1,1,34,1,61,1,urban
794,0,1,37,2,87,4,rural
795,0,0,43,2,176,1,urban
796,1,1,34,1,144,1,urban
797,0,1,36,1,67,4,urban
798,0,0,38,7,3046,5,urban
799,1,0,38,1,65,6,rural
800,0,1,36,1,52,6,urban
801,1,1,32,1,205,6,urban
802,0,0,44,1,56,3,rural
803,0,1,33,1,213,5,rural
804,0,1,39,2,58,1,rural
805,1,1,36,1,94,4,urban
806,0,0,37,2,129,4,rural
807,0,0,38,1,142,5,urban
808,0,1,44,1,76,4,rural
809,0,0,40,1,205,4,urban
810,0,0,39,1,388,4,rural
811,0,1,40,1,71,6,rural
812,0,0,39,2,51,6,rural
813,1,0,37,3,526,4,urban
814,0,0,42,1,84,1,urban
815,0,1,40,1,61,4,rural
816,1,1,36,1,56,5,urban
817,0,1,36,1,53,4,urban
818,0,1,34,1,73,1,rural
819,0,1,44,1,210,1,urban
820,0,0,34,3,292,4,rural
821,0,1,37,1,54,4,urban
822,0,0,37,1,62,1,rural
823,0,1,41,1,53,6,urban
824,0,1,41,2,54,6,rural
825,0,1,32,2,54,6,urban
826,0,1,43,1,53,6,urban
827,0,0,29,2,73,4,urban
828,0,1,46,2,55,2,urban
829,0,0,29,1,56,1,urban
830,0,0,42,2,499,3,urban
831,0,1,42,2,229,1,rural
832,0,1,33,1,147,4,urban
833,0,1,34,2,105,4,rural
834,0,0,37,1,89,6,urban
835,0,1,39,1,53,4,rural
836,0,0,39,1,83,3,rural
837,1,0,41,1,125,4,urban
838,0,1,36,2,51,1,urban
839,0,1,36,2,485,6,rural
840,0,0,29,2,124,6,urban
841,0,1,29,2,100,4,rural
842,0,1,42,1,841,2,rural
843,0,0,39,1,271,3,urban
844,1,1,35,4,1304,4,rural
845,0,1,39,2,63,5,rural
846,0,0,46,1,224,1,urban
847,1,1,33,5,1339,4,urban
848,0,1,39,1,70,6,urban
849,0,0,42,1,103,4,urban
850,0,0,43,2,83,1,urban
851,0,1,34,2,62,3,urban
852,0,1,39,2,539,2,urban
853,0,1,30,1,52,2,rural
854,0,1,38,2,78,4,urban
855,0,0,49,1,331,4,urban
856,0,0,33,1,98,4,rural
857,1,1,41,2,257,1,urban
858,0,1,36,2,52,6,urban
859,1,1,39,1,64,6,urban
860,0,0,38,2,201,5,urban
861,1,0,31,2,248,1,rural
862,1,0,37,1,86,5,urban
863,0,1,36,2,258,1,urban
864,0,1,35,8,4287,4,rural
865,0,1,33,2,128,2,rural
866,0,0,44,1,67,2,urban
867,0,1,37,6,2620,5,rural
868,1,1,35,1,165,4,urban
869,0,1,36,3,51,1,urban
870,0,1,38,1,55,1,urban
871,0,1,41,2,57,4,rural
872,0,1,24,1,56,6,rural
873,0,1,35,1,439,4,urban
874,0,1,42,3,558,4,rural
875,0,0,34,1,596,2,rural
876,0,0,22,1,58,5,urban
877,0,0,39,1,127,4,rural
878,1,1,37,1,117,1,rural
879,0,1,43,3,1589,6,urban
880,0,1,34,2,70,2,urban
881,0,1,37,2,112,4,rural
882,0,0,37,2,627,1,urban
883,0,1,31,1,54,4,rural
884,0,1,37,1,58,5,urban
885,0,0,35,1,56,1,urban
886,0,1,37,1,81,1,rural
887,0,0,41,1,54,4,urban
888,0,1,42,4,832,5,rural
889,1,1,36,2,62,6,rural
890,0,1,33,1,52,2,rural
891,0,1,38,1,53,4,urban
892,0,1,34,1,185,6,rural
893,1,0,40,2,1173,4,urban
894,0,0,40,1,71,4,rural
895,1,1,34,1,63,4,urban
896,0,1,40,2,288,6,urban
897,0,0,44,1,55,4,urban
898,0,1,45,1,62,6,rural
899,1,0,53,9,4063,1,urban
900,0,0,32,2,484,4,rural
901,0,0,31,2,437,1,rural
902,0,1,39,3,454,6,rural
903,0,0,38,1,73,4,urban
904,0,1,29,1,57,1,urban
905,0,0,37,3,907,5,rural
906,0,1,35,2,58,1,urban
907,0,0,28,2,78,1,urban
908,0,1,41,10,5330,1,urban
909,0,1,31,1,78,2,urban
910,0,1,32,1,68,4,urban
911,1,1,36,2,277,2,rural
912,0,1,41,1,59,4,urban
913,0,0,39,1,95,3,urban
914,0,0,38,1,52,2,urban
915,1,1,41,3,292,1,urban
916,0,1,37,1,61,1,rural
917,0,0,34,1,55,2,rural
918,0,0,31,1,59,4,urban
919,1,1,33,2,205,5,rural
920,1,1,42,2,234,1,urban
921,1,1,35,2,95,3,urban
922,0,0,36,1,64,4,urban
923,1,1,32,2,58,2,urban
924,0,1,34,1,65,4,urban
925,0,0,37,2,129,5,urban
926,0,1,35,2,486,1,rural
927,1,1,47,12,8430,4,urban
928,0,0,40,2,308,3,rural
929,0,1,34,2,147,6,urban
930,0,1,38,2,66,1,rural
931,0,0,44,2,87,1,rural
932,0,0,40,1,80,4,urban
933,0,1,40,2,51,3,rural
934,0,0,33,1,63,3,rural
935,0,0,30,1,55,3,rural
936,0,1,42,1,73,4,rural
937,0,0,34,2,57,2,rural
938,0,1,38,1,187,4,urban
939,0,1,33,1,59,5,rural
940,0,1,39,1,52,3,urban
941,0,1,35,3,72,5,rural
942,0,1,37,1,65,1,urban
943,1,1,40,1,80,6,urban
944,0,1,36,2,158,1,urban
945,1,1,38,1,53,4,urban
946,0,1,42,2,64,6,rural
947,0,1,35,1,60,1,rural
948,0,0,40,1,56,2,rural
949,0,0,34,1,83,5,urban
950,0,0,35,1,57,6,urban
951,0,0,43,2,68,4,rural
952,0,1,39,2,52,1,urban
953,0,0,38,1,139,4,urban
954,0,1,29,1,149,6,urban
955,0,1,45,2,109,4,urban
956,0,1,43,1,51,6,urban
957,0,0,31,1,80,5,urban
958,0,1,43,4,1088,2,urban
959,1,0,31,2,54,1,urban
960,0,1,35,1,52,4,urban
961,0,1,36,3,234,4,urban
962,0,1,34,1,75,4,rural
963,0,1,41,2,51,2,rural
964,1,1,42,2,55,3,rural
965,1,1,40,1,56,4,rural
966,0,1,41,1,74,2,rural
967,0,1,41,2,78,4,urban
968,0,0,40,1,55,1,rural
969,0,1,43,2,305,5,urban
970,0,1,36,2,76,1,urban
971,0,1,38,2,408,2,urban
972,1,1,38,1,51,6,rural
973,1,1,43,2,166,3,urban
974,0,1,42,2,56,1,urban
975,0,1,35,1,68,2,urban
976,1,1,36,1,51,6,urban
977,0,1,35,2,488,5,urban
978,0,1,34,4,2060,1,urban
979,0,1,34,1,110,6,rural
980,0,0,37,1,81,1,rural
981,0,1,33,2,91,4,urban
982,0,0,30,5,2195,1,rural
983,0,0,32,1,350,1,urban
984,0,1,33,1,57,6,urban
985,0,0,42,1,112,5,urban
986,0,0,36,2,273,3,urban
987,0,0,43,1,104,2,rural
988,0,1,41,4,56,2,urban
989,0,1,41,2,69,6,urban
990,1,1,39,2,374,6,urban
991,0,1,39,2,55,4,urban
992,0,0,34,2,80,4,urban
993,0,1,33,1,51,3,urban
994,1,0,44,2,584,1,urban
995,0,1,38,3,328,2,rural
996,0,1,37,2,184,1,urban
997,0,1,44,1,62,2,rural
998,0,1,38,1,52,4,rural
999,1,0,40,2,87,3,rural
1000,1,0,42,2,708,5,rural
